Date,Open,High,Low,Close,Volume
2021-01-04,211.5992,215.1761,210.2815,214.2348,27907724
2021-01-05,207.0811,211.0345,206.3281,209.9049,35061260
2021-01-06,214.6113,218.9412,214.4231,216.4939,31462508
2021-01-07,208.0224,208.7754,203.6925,208.0224,47362360
2021-01-08,210.2815,213.1053,206.7046,211.0345,29880895
2021-01-11,213.8583,216.8704,207.0811,208.0224,49219037
2021-01-12,208.0224,208.0224,204.4455,207.0811,36773693
2021-01-13,208.5872,212.3523,208.0224,210.658,25521304
2021-01-14,218.1882,221.5768,215.9291,221.2003,56102214
2021-01-15,224.0241,229.86,222.3298,226.8479,56724043
2021-01-18,224.5889,229.2953,222.7063,227.7892,28459710
2021-01-19,230.6131,234.1899,227.9775,229.86,35728468
2021-01-20,230.8013,254.145,230.0483,249.4386,105283224
2021-01-21,244.3557,247.1795,240.2141,243.4144,52014003
2021-01-22,237.5785,238.5198,232.6839,235.8842,39959960
2021-01-25,237.7668,247.3678,236.2607,242.8497,47792619
2021-01-26,240.4023,240.9671,237.3903,238.5198,33317774
2021-01-27,246.4265,247.7443,240.2141,244.7322,34684877
2021-01-28,237.955,242.4732,235.696,236.8255,34740164
2021-01-29,236.8255,239.0846,227.7892,232.3074,34866053
2021-02-01,231.5543,237.202,230.6131,236.449,27611659
2021-02-02,244.7322,246.05,240.7789,244.7322,35793652
2021-02-03,235.1312,250.3799,232.6839,245.6735,58494910
2021-02-04,245.4852,251.6977,242.2849,246.803,72252607
2021-02-05,244.544,246.05,241.3436,242.8497,30738742
2021-02-08,244.3557,246.9913,240.4023,241.3436,14861452
2021-02-09,240.7789,242.2849,238.1433,240.4023,21534617
2021-02-10,243.4144,247.5561,242.2849,246.6148,28952395
2021-02-11,245.6735,246.6148,242.4732,245.6735,13576585
2021-02-16,249.2504,250.3799,247.7443,248.6856,35490449
2021-02-17,247.9326,253.5802,246.803,251.3212,36931302
2021-02-18,247.9326,248.3091,244.7322,245.1087,29507989
2021-02-19,240.9671,242.8497,237.5785,241.9084,27537542
2021-02-22,240.9671,241.3436,235.1312,235.8842,30923499
2021-02-23,231.9308,234.1899,228.9188,233.0604,24370829
2021-02-24,233.0604,234.1899,225.9067,228.5422,31209824
2021-02-25,229.107,234.1899,225.1536,229.107,27601154
2021-02-26,219.1295,220.6355,217.2469,218.753,42971525
2021-03-01,221.012,222.7063,218.753,220.8238,25781049
2021-03-02,220.8238,221.5768,215.5526,215.9291,28438280
2021-03-03,216.1174,220.259,214.0466,218.753,18744515
2021-03-04,217.4352,217.6234,213.6701,213.8583,17756272
2021-03-05,210.658,216.3056,208.2106,213.6701,26560051
2021-03-08,215.3644,217.9999,207.2694,207.6459,24540546
2021-03-09,210.8462,216.4939,205.7633,210.8462,35249748
2021-03-10,217.4352,217.9999,214.6113,214.9878,30292760
2021-03-11,215.5526,216.8704,213.1053,214.2348,29228815
2021-03-12,219.3177,220.6355,212.5405,212.7288,34231547
2021-03-15,213.6701,214.4231,206.5163,208.3989,33908103
2021-03-16,209.3402,209.5284,207.6459,208.3989,20868000
2021-03-17,208.0224,210.2815,206.5163,209.5284,18718973
2021-03-18,213.2935,224.5889,213.1053,219.8825,58621778
2021-03-19,218.3764,220.8238,216.1174,220.8238,44914799
2021-03-22,218.753,220.6355,217.0587,217.6234,14508251
2021-03-23,217.8117,219.1295,214.6113,216.4939,26218754
2021-03-24,218.9412,219.8825,214.9878,216.4939,15811948
2021-03-25,205.7633,209.1519,202.563,208.0224,30783245
2021-03-26,205.0103,205.7633,201.4334,203.1277,32976932
2021-03-29,203.316,204.822,201.81,203.5043,25704513
2021-03-30,211.2227,211.9758,207.8341,208.5872,33848578
2021-03-31,210.8462,211.0345,206.8929,207.0811,19946806
2021-04-01,209.9049,212.917,207.6459,212.3523,23025316
2021-04-07,211.0345,212.3523,208.3989,208.9637,24885227
2021-04-08,208.7754,211.7875,207.8341,209.9049,25337633
2021-04-09,209.9049,209.9049,204.069,205.1986,22699587
2021-04-12,216.4939,223.6476,213.2935,218.5647,77835113
2021-04-13,225.9067,227.4127,218.753,219.506,35951883
2021-04-14,222.7063,224.0241,221.2003,223.8359,21526494
2021-04-15,220.259,221.012,217.0587,220.0707,20324396
2021-04-16,218.3764,223.4593,217.9999,221.765,31491743
2021-04-19,218.3764,220.6355,217.6234,218.3764,24351578
2021-04-20,214.9878,215.1761,211.9758,214.7996,19985710
2021-04-21,208.9637,209.7167,207.2694,208.7754,21338590
2021-04-22,208.7754,211.2227,207.6459,208.3989,15020535
2021-04-23,210.4697,213.2935,209.7167,211.2227,16197504
2021-04-26,212.7288,214.4231,211.2227,211.411,14207473
2021-04-27,212.7288,215.1761,212.164,212.7288,14100733
2021-04-28,215.3644,218.3764,213.6701,217.9999,27538276
2021-04-29,220.0707,220.0707,216.8704,217.8117,13445304
2021-04-30,213.6701,214.0466,210.2815,211.7875,18390472
2021-05-03,211.7875,213.4818,209.3402,210.658,10743054
2021-05-04,210.2815,212.3523,209.9049,211.9758,8757722
2021-05-05,208.5872,209.5284,206.5163,207.0811,15431071
2021-05-06,207.8341,209.7167,206.7046,208.5872,11577986
2021-05-07,208.0224,209.3402,206.1398,206.8929,15513681
2021-05-10,206.8929,208.2106,200.4922,202.563,22333260
2021-05-11,198.2331,198.9861,194.8445,195.4093,24014630
2021-05-12,202.3747,207.8341,201.4334,207.2694,31199699
2021-05-13,203.1277,205.1986,200.6804,200.6804,18348468
2021-05-14,190.1381,193.1502,188.4438,192.5854,52690766
2021-05-17,192.5854,196.5388,191.2676,193.3385,27817583
2021-05-18,195.0328,196.3505,194.468,195.4093,18530861
2021-05-20,194.8445,195.7858,192.3972,193.9032,30886478
2021-05-21,197.8566,198.2331,193.9032,195.7858,38645780
2021-05-24,193.9032,193.9032,192.0207,192.9619,17159113
2021-05-25,191.6442,194.8445,191.4559,193.9032,23472797
2021-05-26,195.5975,196.3505,194.2797,194.8445,16688924
2021-05-27,193.3385,196.5388,192.9619,196.5388,31113636
2021-05-28,196.1623,197.1036,194.468,195.221,24377407
2021-05-31,196.1623,198.9861,195.5975,198.6096,21707496
2021-06-01,201.0569,206.7046,199.9274,205.3868,38847778
2021-06-02,203.1277,203.1277,200.1157,201.8099,31538468
2021-06-03,201.2452,201.2452,197.2918,198.4214,18209307
2021-06-04,196.5388,201.2452,196.3505,197.8566,39982639
2021-06-07,199.1744,200.1157,196.7271,199.5509,23713310
2021-06-08,199.3626,199.5509,196.5388,197.8566,14131162
2021-06-09,196.9153,198.0448,195.0328,195.7858,14721409
2021-06-10,196.5388,198.7979,193.9032,195.4093,15353710
2021-06-11,195.5975,195.7858,192.3972,193.1502,21751657
2021-06-15,197.2918,197.2918,192.3972,194.2797,16521833
2021-06-16,193.3385,193.3385,191.4559,191.4559,15362004
2021-06-17,190.1381,192.0207,189.3851,191.8324,12114454
2021-06-18,192.3972,195.4093,191.8324,194.8445,26572314
2021-06-21,193.9032,195.4093,191.8324,193.3384,14510523
2021-06-22,192.0207,192.3972,189.9499,191.0794,16162775
2021-06-23,192.9619,195.4093,192.2089,195.0328,16558423
2021-06-24,197.2918,200.1157,196.9153,197.8566,16482032
2021-06-25,200.3039,203.6925,198.7979,202.9395,29426102
2021-06-28,207.8341,211.7875,206.3281,208.9637,23248108
2021-06-29,208.9637,209.7167,205.1986,206.5163,22735870
2021-06-30,208.9637,209.7167,207.0811,207.0811,17882516
2021-07-02,203.5043,203.5043,198.2331,199.5509,27196447
2021-07-05,196.7271,197.4801,192.9619,193.9032,21390710
2021-07-06,193.1502,197.1036,191.6442,197.1036,18506503
2021-07-07,194.8445,194.8445,192.3972,193.715,16935600
2021-07-08,190.3264,191.2676,185.4317,185.7141,37789548
2021-07-09,183.5492,185.0552,178.7486,184.0198,35815396
2021-07-12,187.5967,189.0086,183.8315,185.8082,19585720
2021-07-13,187.6908,195.221,185.9965,193.1502,30179190
2021-07-14,193.1502,194.6562,191.8324,194.2797,25764588
2021-07-15,194.2797,201.6217,193.9032,198.2331,45293673
2021-07-16,198.0448,199.1744,195.5975,197.1036,55141154
2021-07-19,193.715,193.715,189.9499,190.7029,43294441
2021-07-20,192.0207,194.2797,188.6321,190.8911,14790988
2021-07-21,193.5267,193.9032,189.5733,191.0794,14800334
2021-07-22,193.5267,195.4093,193.3385,195.221,12066102
2021-07-23,196.5388,196.5388,191.4559,193.1502,11735052
2021-07-26,187.5025,187.5025,180.7253,180.8195,43322099
2021-07-27,173.0069,177.4309,164.253,169.3359,66752350
2021-07-28,168.9594,173.7599,165.8531,172.4421,52598759
2021-07-29,180.5371,185.7141,178.1839,185.7141,57050274
2021-07-30,179.2193,179.5017,174.7012,177.9015,26604358
2021-08-02,177.9015,181.949,176.2072,180.6312,24424086
2021-08-03,184.0198,184.0198,176.2072,182.1372,25920558
2021-08-04,180.0664,183.0785,175.5483,181.0077,23029276
2021-08-05,183.455,185.9965,180.5371,181.196,21169911
2021-08-06,180.9136,182.8903,179.1252,182.1372,15486524
2021-08-09,176.0189,180.3488,174.2305,177.6191,28015589
2021-08-10,178.8428,181.5725,176.5837,181.5725,17983679
2021-08-11,179.4075,181.1018,177.3367,179.9723,13796247
2021-08-12,178.8428,179.5958,175.4542,177.6191,14517317
2021-08-13,174.607,174.8894,170.8419,173.1951,21527678
2021-08-16,173.101,173.101,169.0535,169.8065,19542473
2021-08-17,167.4533,168.3946,160.9585,161.7115,42641139
2021-08-18,160.0172,162.5587,159.4525,161.5233,23291029
2021-08-19,158.6994,159.4525,150.8868,152.5811,45396323
2021-08-20,148.816,151.2633,145.9922,148.6278,54863086
2021-08-23,146.7452,150.6044,142.3212,143.1684,69681080
2021-08-24,147.5924,156.8169,147.1217,156.7227,52107427
2021-08-25,160.7702,162.1822,152.8635,154.4637,53797802
2021-08-26,154.6519,156.158,150.6986,152.6753,25997432
2021-08-27,151.2633,153.5224,144.6744,146.7452,51566566
2021-08-30,146.7452,150.6986,145.2392,148.9101,33016759
2021-08-31,149.1925,155.7815,145.6157,155.7815,49830778
2021-09-01,153.8989,157.7582,152.2046,155.4991,36318509
2021-09-02,160.0172,161.8056,157.7582,160.9585,32232099
2021-09-03,158.5112,158.6053,154.3696,155.2167,48210742
2021-09-06,154.8402,158.1347,154.1813,158.1347,24264531
2021-09-07,158.5112,161.7115,158.417,160.0172,24179489
2021-09-08,160.0172,163.2176,159.3583,160.8644,24995877
2021-09-09,155.3108,156.3462,150.8868,151.5457,28379942
2021-09-10,154.0872,158.3229,153.8048,158.0405,27766697
2021-09-13,152.0164,153.4283,147.6865,151.3575,25905101
2021-09-14,150.981,152.5811,147.2158,149.0043,22361537
2021-09-15,146.3687,147.6865,144.5803,144.9568,28239189
2021-09-16,144.5803,144.8626,140.3445,142.6036,33935111
2021-09-17,141.7564,146.5569,141.3799,145.8039,30179321
2021-09-20,145.145,145.2392,141.8506,142.6036,17981515
2021-09-21,137.4266,140.721,136.9559,139.968,23944111
2021-09-23,139.3091,141.9447,137.8031,139.6856,32529431
2021-09-24,138.0854,139.5915,135.3557,135.8264,30354881
2021-09-27,133.8497,136.9559,132.9084,133.5673,31609172
2021-09-28,136.8618,144.0155,136.0146,142.0388,42597994
2021-09-29,139.5915,140.5328,136.9559,139.5915,24903515
2021-09-30,136.3911,136.3911,132.7202,133.8497,38043224
2021-10-04,135.0734,135.0734,128.3903,128.9551,41840351
2021-10-05,124.2487,127.9196,124.2487,127.3549,30437300
2021-10-06,130.4611,131.0259,127.7314,129.2374,18712471
2021-10-07,133.0025,139.1209,132.8143,138.6502,32227036
2021-10-08,145.3333,146.3687,141.9447,146.3687,55270783
2021-10-11,153.4283,160.4879,152.487,157.9464,87174082
2021-10-12,150.7927,153.4283,149.6632,151.8281,51876960
2021-10-15,151.8281,152.6753,149.4749,152.2987,41251499
2021-10-18,152.9576,153.3341,150.5103,153.3341,20485496
2021-10-19,153.1459,156.158,152.6753,155.1226,22621183
2021-10-20,162.4645,169.3359,160.9585,165.4766,73819843
2021-10-21,162.8411,165.1942,160.4879,163.6882,39498418
2021-10-22,162.4645,164.7236,161.2409,164.1588,24304039
2021-10-25,164.1588,166.4179,163.1234,163.7823,22993063
2021-10-26,162.8411,162.8411,158.2288,159.5466,27007684
2021-10-27,155.5932,155.8756,153.7107,154.8402,25552560
2021-10-28,157.0993,159.1701,155.3108,155.4991,26244370
2021-10-29,155.3108,156.4404,152.9576,153.4283,24508214
2021-11-01,151.6398,151.734,148.7219,150.1338,20955824
2021-11-02,156.4404,157.0993,150.6986,152.1105,28075255
2021-11-03,150.5103,151.5457,147.4041,151.1692,20797548
2021-11-04,153.3341,155.8756,152.487,155.8756,23357978
2021-11-05,152.487,152.487,149.0984,150.5103,26167989
2021-11-08,146.8393,148.4395,145.6157,148.063,25006375
2021-11-09,150.8868,151.734,147.5924,147.8747,16113085
2021-11-10,148.3454,152.1105,146.5569,151.734,17191925
2021-11-11,148.7219,154.5578,148.3454,153.6165,23548938
2021-11-12,155.1226,155.9697,149.6632,152.8635,24265602
2021-11-15,153.7107,154.5578,150.2279,152.0164,19121584
2021-11-16,152.487,156.2521,152.0164,155.4991,19860348
2021-11-17,155.2167,155.405,153.6165,155.1226,16275917
2021-11-18,148.9101,149.569,146.1804,146.8393,39030221
2021-11-19,131.7789,133.8497,131.0259,131.12,106644709
2021-11-22,130.8376,131.4965,129.0492,129.0492,42684873
2021-11-23,125.1899,125.943,124.7193,125.1899,46352819
2021-11-24,123.3074,126.8842,123.025,124.0604,44830998
2021-11-25,124.2487,127.9196,124.2487,127.449,23796814
2021-11-26,125.3782,126.0371,121.519,121.519,37945230
2021-11-29,125.1899,125.3782,122.1779,122.3661,29532407
2021-11-30,121.8955,122.4602,116.3419,119.8247,61241018
2021-12-01,117.6597,119.5423,116.9067,118.3186,42728524
2021-12-02,113.2357,116.4361,113.0475,115.4007,63847691
2021-12-03,113.424,113.424,109.1882,112.3886,84752440
2021-12-06,103.4464,107.4939,103.0699,106.082,105384522
2021-12-07,114.8359,119.2599,113.6122,119.0716,82401598
2021-12-08,115.4948,115.7772,112.2003,113.5181,61244054
2021-12-09,115.4007,117.0008,114.93,116.1537,35851860
2021-12-10,115.1183,115.9654,113.2357,114.0829,41285795
2021-12-13,117.4715,119.2599,113.7064,113.9887,41769452
2021-12-14,113.8946,113.8946,110.8825,111.7297,32130092
2021-12-15,115.0241,116.5302,112.9533,113.8946,35292960
2021-12-16,112.3886,114.177,110.1295,113.6122,37563320
2021-12-17,111.0708,111.3532,108.6235,110.1295,49369280
2021-12-20,111.259,111.9179,107.588,107.7763,33663120
2021-12-21,105.9879,108.7176,105.4231,107.2115,37940314
2021-12-22,112.8592,112.8592,106.4585,108.1528,45188386
2021-12-23,108.1528,108.8117,106.3644,106.6468,25067293
2021-12-24,107.1174,108.0587,106.1761,106.3644,19524988
2021-12-28,106.6468,107.4939,105.7055,106.835,22985751
2021-12-29,105.7055,105.7055,103.6347,104.1053,19990686
2021-12-30,103.5406,105.6114,102.7875,103.4464,23838394
2021-12-31,112.4827,113.2357,111.1649,111.9179,31837667
2022-01-03,110.1295,110.6001,107.3057,108.2469,22176946
2022-01-04,111.4473,111.9179,108.9058,110.0354,23228903
2022-01-05,112.0121,112.1062,107.2115,107.7763,30717509
2022-01-06,110.6001,113.9887,110.4119,113.8946,47231895
2022-01-07,119.0716,121.2366,115.5889,121.2366,58778943
2022-01-10,121.2366,121.8955,118.0362,120.107,36814976
2022-01-11,117.6597,119.0716,116.6243,118.2245,31659059
2022-01-12,121.0483,125.2841,120.8601,125.1899,44483108
2022-01-13,127.0725,127.0725,122.7426,124.4369,36032047
2022-01-14,119.4481,121.7072,119.1658,121.7072,28235556
2022-01-17,121.7072,122.4602,119.9188,120.9542,23534494
2022-01-18,121.6131,123.2133,118.0362,118.9775,23468279
2022-01-19,118.7893,119.8247,116.2478,116.9067,29730153
2022-01-20,117.6597,124.7193,117.6597,123.778,44796183
2022-01-21,118.6951,120.0129,116.7184,119.6364,61817387
2022-01-24,114.8359,114.8359,111.7297,112.1062,54758602
2022-01-25,109.5647,111.8238,108.3411,109.9412,41283512
2022-01-26,109.4706,111.7297,107.3998,110.0354,35353738
2022-01-27,104.0112,105.329,101.658,102.1286,75467681
2022-01-28,103.5406,104.9525,102.2228,103.5406,43809950
2022-01-31,105.5172,109.3765,104.9525,107.3057,29579311
2022-02-04,112.9533,113.7064,111.4473,113.3298,43293069
2022-02-07,110.506,111.7297,106.9292,108.2469,54757312
2022-02-08,105.9879,106.835,104.1053,104.6701,41696354
2022-02-09,111.0708,112.3886,110.1295,111.8238,44480636
2022-02-10,115.7772,115.7772,112.3886,115.0241,32353947
2022-02-11,113.3298,115.683,112.9533,115.2124,24203787
2022-02-14,112.0121,112.8592,111.259,111.7297,19512374
2022-02-15,111.0708,112.9533,110.506,111.4473,16132479
2022-02-16,115.2124,115.7772,113.9887,115.3065,20308833
2022-02-17,114.8359,116.0595,113.8005,115.7772,18965828
2022-02-18,115.4007,116.7184,111.7297,112.4827,36059936
2022-02-21,109,110.2236,107.3057,108.1528,36333556
2022-02-22,102.5993,105.329,102.411,104.8583,43059975
2022-02-23,103.5406,106.6468,103.5406,105.7996,27244901
2022-02-24,101.1874,102.0345,97.5164,98.74,64889871
2022-02-25,101.0932,101.8463,98.74,99.1165,42605788
2022-02-28,97.234,98.0811,94.7867,98.0811,56081193
2022-03-01,96.1986,98.6459,95.9162,97.7046,30377847
2022-03-02,97.7988,100.3402,97.7988,97.7988,32172998
2022-03-03,97.4222,98.3635,96.9516,98.2694,23582886
2022-03-04,92.4335,94.316,92.4335,93.1865,67845622
2022-03-07,90.598,92.2452,87.9153,90.3627,59539428
2022-03-08,91.8216,94.0807,90.1744,91.2098,49195657
2022-03-09,91.2098,91.6334,87.1623,90.598,60560894
2022-03-10,93.8454,93.8454,88.8566,90.4568,46922499
2022-03-11,85.2327,86.7387,82.8795,85.468,74997978
2022-03-14,81.0911,81.5147,75.5375,76.1494,99109140
2022-03-15,69.4663,74.6904,66.8307,67.066,166892058
2022-03-16,70.1252,85.7033,69.3722,85.3739,159307067
2022-03-17,97.8929,97.8929,89.7038,96.0103,147199025
2022-03-18,91.4451,94.316,89.4214,92.5747,69216323
2022-03-21,98.6459,98.6459,91.5393,93.2806,78145126
2022-03-22,96.2927,104.8583,96.1045,103.7288,82216795
2022-03-23,107.8704,112.3886,105.8937,110.6943,109736384
2022-03-24,109.5647,112.0121,106.835,107.1174,56175392
2022-03-25,104.8583,106.835,98.6459,101.0932,59754137
2022-03-28,101.0932,106.835,99.8696,104.576,35856686
2022-03-29,106.082,108.0587,105.6114,106.835,28129247
2022-03-30,108.2469,108.9058,105.9879,107.2115,43050119
2022-03-31,108.1528,108.1528,103.2582,105.5172,26780152
2022-04-01,100.5285,103.2582,99.4931,103.2582,38709405
2022-04-04,104.1053,107.8704,103.5406,107.0233,41875311
2022-04-06,102.6934,103.3523,100.8108,101.2815,46638063
2022-04-07,100.152,102.5051,99.0224,99.0224,35575706
2022-04-08,96.7634,97.7046,95.5397,97.7046,38153586
2022-04-11,96.7634,96.9516,92.104,92.7159,40131164
2022-04-12,92.7159,94.6925,90.6921,93.1865,39683531
2022-04-13,92.6217,93.6571,91.3039,92.7159,24650087
2022-04-14,91.9158,92.2452,88.3389,89.892,52348941
2022-04-19,87.1153,87.9624,85.5621,86.1269,34060706
2022-04-20,85.7504,87.4918,84.9974,85.3739,24190299
2022-04-21,83.5384,84.4326,81.4205,82.7383,37481397
2022-04-22,78.5967,82.2206,78.5026,81.5617,33414007
2022-04-25,79.8204,79.9615,76.4318,77.0436,43001305
2022-04-26,79.538,82.7383,78.832,79.9145,38304821
2022-04-27,79.3968,80.4322,78.1261,79.585,27917828
2022-04-28,82.8324,83.3501,81.2323,83.0678,40675166
2022-04-29,83.0678,97.7046,82.0324,96.1045,102134425
2022-05-03,94.1278,97.0457,87.0682,94.4102,103238870
2022-05-04,92.7159,92.7629,90.2215,90.8804,29177225
2022-05-05,93.6571,95.1632,90.5509,91.0216,27991225
2022-05-06,86.6446,87.3976,84.0561,85.0444,50887668
2022-05-10,78.5967,82.0794,78.2672,80.9499,64139439
2022-05-11,78.7849,82.7854,78.6908,80.6204,63211009
2022-05-12,77.0436,77.7025,75.2081,75.3022,69966835
2022-05-13,77.373,77.9849,76.4788,77.373,53688518
2022-05-16,80.9499,81.1852,78.2202,79.6321,37186669
2022-05-17,82.3618,86.4093,81.5617,85.2327,65364000
2022-05-18,85.2327,85.2327,82.6442,84.715,40887159
2022-05-19,80.0086,80.3851,77.8907,78.4555,63967045
2022-05-20,81.2323,83.5855,80.5734,82.8795,37411832
2022-05-23,81.1381,81.4676,78.9261,80.1027,48116001
2022-05-24,79.8204,81.2323,78.0319,78.6908,41592157
2022-05-25,77.1848,79.2085,76.5729,77.5142,39360501
2022-05-26,77.1848,77.1848,74.9728,76.3376,44520428
2022-05-27,85.6563,86.9741,84.5738,85.6563,94943603
2022-05-30,86.3152,89.3273,85.9387,89.3273,58244941
2022-05-31,89.0449,91.7746,87.633,90.598,87590516
2022-06-01,90.3627,90.5509,88.4801,89.0449,34758451
2022-06-02,86.3622,87.5388,85.6563,86.8799,38921083
2022-06-06,87.3976,92.81,85.8916,91.2569,61560025
2022-06-07,91.2569,95.8221,90.5039,92.9982,88847430
2022-06-08,97.3281,103.9171,96.481,102.411,116293353
2022-06-09,109.3765,109.4706,101.7521,104.7642,113806634
2022-06-10,101.2815,109.1882,100.7167,106.1761,107826465
2022-06-13,99.9637,102.0345,97.4222,97.7046,85883479
2022-06-14,93.3277,96.3868,91.4922,95.2573,79243938
2022-06-15,98.8342,100.4343,98.1753,99.3989,62840727
2022-06-16,101.9404,103.3523,94.5043,96.3868,51964072
2022-06-17,94.2219,98.6459,94.1278,98.3635,98242313
2022-06-20,96.0103,98.4577,93.7983,98.2694,64777753
2022-06-21,98.3635,99.8696,97.3281,99.5872,56377679
2022-06-22,98.6459,98.9283,95.5397,95.5397,56378203
2022-06-23,98.74,103.4464,97.3281,101.658,80541807
2022-06-24,105.9879,108.7176,104.9525,107.2115,88759544
2022-06-27,110.4119,113.3298,109.2823,111.1649,98194624
2022-06-28,110.6943,112.1062,105.9879,111.1649,70432843
2022-06-29,107.7763,109.4706,106.3644,107.7763,54735988
2022-06-30,106.9292,107.6822,104.1994,105.329,47263509
2022-07-04,105.0466,107.3998,102.9758,106.5526,38788782
2022-07-05,109.4706,111.4473,107.9646,108.4352,45974352
2022-07-06,112.0121,112.0121,107.8704,110.1295,52058276
2022-07-07,108.5293,110.6001,106.835,109.8471,40428095
2022-07-08,114.8359,114.8359,112.7651,113.8946,58168745
2022-07-11,110.4119,110.9766,105.4231,107.3057,59279763
2022-07-12,101.9404,103.164,100.8108,101.4697,61833006
2022-07-13,101.1874,103.0699,100.7167,101.0932,37018374
2022-07-14,101.4697,103.9171,101.1874,102.3169,39688425
2022-07-15,96.481,99.8696,96.1045,96.1986,60291037
2022-07-18,94.8808,98.1753,93.9866,97.7988,54210503
2022-07-19,95.8221,96.1986,94.2219,94.9749,40614536
2022-07-20,98.6459,99.4931,97.1399,97.1399,40062258
2022-07-21,96.7634,97.8929,95.2573,96.0103,38969577
2022-07-22,96.6692,97.6105,95.7279,96.1045,25271063
2022-07-25,94.1278,94.7867,93.2806,93.7513,41783554
2022-07-26,96.9516,99.8696,96.481,98.2694,62335905
2022-07-27,95.0691,95.2573,94.0336,95.0691,59523684
2022-07-28,94.8808,94.8808,93.2806,93.3277,47788609
2022-07-29,92.9041,92.9041,86.3152,87.633,101884460
2022-08-01,82.9266,86.2681,82.6442,84.3385,90581313
2022-08-02,83.7737,83.7737,81.044,81.9382,67822076
2022-08-03,85.5151,86.4564,83.962,85.0444,43309986
2022-08-04,89.9391,90.5509,87.8683,89.4214,52297501
2022-08-05,89.7979,90.0332,86.5034,87.4447,50440861
2022-08-08,84.715,84.9503,83.3031,83.5855,47770883
2022-08-09,84.715,86.3152,83.256,84.3385,44942429
2022-08-10,84.1032,84.3856,81.7029,82.7854,37209371
2022-08-11,85.6563,86.9741,84.1502,86.3622,52998669
2022-08-12,87.4447,87.9153,85.8916,87.4447,26387695
2022-08-15,86.4093,88.2919,86.3152,86.3622,23076972
2022-08-16,86.5976,86.9741,83.3501,84.6679,33043745
2022-08-17,85.468,86.0328,84.3856,85.0444,24355633
2022-08-18,83.7737,83.8208,82.3618,83.0678,41421479
2022-08-19,82.8324,84.9503,82.6913,84.2444,26850751
2022-08-22,82.6442,84.4797,82.5501,83.3031,34067261
2022-08-23,83.7737,84.0561,81.6558,83.209,36228033
2022-08-24,81.75,82.3618,80.4792,81.1852,35976874
2022-08-25,84.715,89.6096,83.6796,88.2919,66382425
2022-08-26,91.9158,91.9158,89.139,90.1744,54668306
2022-08-29,89.1861,91.1157,88.2919,89.5626,37070401
2022-08-30,89.7979,89.845,87.2564,89.6096,35706777
2022-08-31,86.5034,91.2098,86.1269,88.7625,52002425
2022-09-01,88.3389,89.9391,86.4564,86.7858,41471390
2022-09-02,86.5976,87.3035,84.9033,85.3268,40477868
2022-09-05,84.2444,84.2444,82.4089,83.3031,35505940
2022-09-06,83.6325,84.2444,82.0794,82.8795,29242315
2022-09-07,81.044,82.6913,80.9028,82.2677,28479263
2022-09-08,83.3031,83.962,81.6558,82.0794,33528981
2022-09-09,82.0794,85.0444,81.4676,84.5267,31544613
2022-09-13,86.4093,86.8799,85.468,85.8445,41280098
2022-09-14,82.6442,83.1148,81.797,81.9853,35250138
2022-09-15,81.797,83.3501,81.797,82.9266,21920813
2022-09-16,81.6088,82.503,80.997,81.7029,39457544
2022-09-19,80.0557,80.4792,78.3143,78.7849,41066371
2022-09-20,80.291,82.2206,80.1027,81.1381,36089021
2022-09-21,79.1615,79.2085,77.7495,78.1731,37225757
2022-09-22,75.3022,76.2435,75.0198,76.1023,49260960
2022-09-23,74.5021,75.6317,73.7962,73.7962,45213463
2022-09-26,72.8549,75.5846,72.196,74.0786,47488911
2022-09-27,73.9844,74.5492,71.5842,73.3255,49807775
2022-09-28,72.0548,72.7137,70.0781,70.3134,53790769
2022-09-29,74.2198,74.5492,71.3959,72.3372,62711018
2022-09-30,72.7608,74.1256,71.443,73.3726,46992673
2022-10-03,73.3255,74.1256,72.2901,73.0902,30742228
2022-10-05,77.1848,79.6321,76.62,79.2556,65113124
2022-10-06,78.1261,79.585,77.7966,78.2672,29151683
2022-10-07,76.9024,77.9378,76.4318,76.5729,27043107
2022-10-10,74.5963,74.8786,73.4197,74.0786,28520208
2022-10-11,73.5609,73.9844,71.1606,71.5371,39298810
2022-10-12,70.1252,72.8078,68.0544,69.984,56354876
2022-10-13,69.984,70.5488,68.3368,68.478,25774888
2022-10-14,69.6546,71.6312,68.1014,68.9486,43037199
2022-10-17,67.9132,70.2664,66.7366,68.9015,45035937
2022-10-18,70.8782,71.9136,69.5134,71.5371,35967664
2022-10-19,70.69,71.1606,68.2426,68.4309,39088213
2022-10-20,64.9482,67.019,64.0069,65.7953,63153613
2022-10-21,65.9836,66.9248,65.2776,65.5129,55066786
2022-10-24,62.1243,63.3009,57.2297,58.0298,169668961
2022-10-25,58.218,62.0773,56.712,59.8653,102026681
2022-10-26,58.171,60.8536,57.6533,58.6416,93276020
2022-10-27,63.5833,63.9598,60.8536,61.0419,91203977
2022-10-28,60.4771,60.7595,57.3238,58.1239,69414690
2022-10-31,57.4179,60.7595,56.759,57.8415,65768272
2022-11-01,59.3476,64.2422,59.1593,62.2185,112728864
2022-11-02,61.4654,64.0069,60.383,63.4421,44674540
2022-11-03,59.8653,61.1831,59.1593,59.3005,58022487
2022-11-04,60.2418,71.7254,60.2418,65.7953,151997251
2022-11-07,62.7832,67.5837,62.4067,65.6071,99793174
2022-11-08,64.7128,64.9482,62.5008,63.1597,64928791
2022-11-09,62.7832,63.7716,61.3242,62.1243,63076446
2022-11-10,60.1476,60.7124,58.924,59.3005,58517362
2022-11-11,64.7128,67.2543,63.1127,66.6425,110961720
2022-11-14,68.7133,69.3722,65.8894,66.8778,93784730
2022-11-15,66.8307,76.1023,65.6541,74.2668,187288574
2022-11-16,73.1843,76.0552,72.4784,74.1727,100509510
2022-11-17,72.4784,75.0198,69.6546,73.655,89532516
2022-11-18,78.3614,78.5967,74.5963,75.2552,110896755
2022-11-21,72.6196,72.7608,70.5958,71.6783,49675006
2022-11-22,70.7841,71.2547,67.9603,68.8074,60909746
2022-11-23,69.4192,71.9607,68.7603,70.9723,54202563
2022-11-24,72.196,72.6666,70.5017,71.9136,31644335
2022-11-25,71.443,71.5371,69.5134,70.3605,28359869
2022-11-28,66.4542,69.0427,65.7012,67.9603,65982901
2022-11-29,69.3251,74.1727,68.9015,74.1256,94542048
2022-11-30,73.1373,76.1494,71.9607,75.2081,109081005
2022-12-01,80.5734,81.797,77.6084,77.9378,106301600
2022-12-02,78.6908,80.7146,78.079,79.8204,74134786
2022-12-05,83.5855,87.3976,82.1265,87.2094,132953207
2022-12-06,82.9736,86.3622,82.9736,84.5738,66889543
2022-12-07,83.962,86.5976,79.8204,80.0557,83595457
2022-12-08,81.7029,85.7504,81.2323,84.1502,70524387
2022-12-09,85.3268,87.7271,83.6325,86.4564,85186929
2022-12-12,84.5267,85.5621,82.4559,83.1619,48772508
2022-12-13,82.5501,84.9503,81.9853,83.1619,49026085
2022-12-14,84.4326,85.1856,83.3501,84.2444,42497183
2022-12-15,83.3031,83.3501,80.1969,80.8558,46551464
2022-12-16,79.2085,83.5384,79.2085,81.3735,77057783
2022-12-19,81.797,85.468,81.3264,81.9382,70038366
2022-12-20,80.0086,80.5263,77.6554,79.1144,57291122
2022-12-21,79.4909,80.3851,78.7849,79.4909,31475853
2022-12-22,81.4205,83.9149,81.3735,82.7383,53772623
2022-12-23,80.3851,82.4089,80.3851,81.4205,34114821
2022-12-28,82.1735,84.1032,82.1735,82.5501,55669943
2022-12-29,80.3851,80.8087,79.6792,80.5263,44950446
2022-12-30,82.1735,83.1148,80.6675,81.1852,35928445
2023-01-03,80.6675,83.9149,79.6321,83.4443,45393323
2023-01-04,85.421,90.8333,84.2444,90.7392,118636981
2023-01-05,96.1045,97.7046,92.4335,93.7513,104685426
2023-01-06,95.5397,96.6692,93.8454,95.6338,73315739
2023-01-09,99.3989,104.3877,98.8342,103.9171,123720147
2023-01-10,102.5993,103.5406,100.7167,103.0699,76284815
2023-01-11,105.6114,108.2469,104.0112,106.2703,108863653
2023-01-12,106.4585,106.4585,101.4697,104.2936,91858342
2023-01-13,104.2936,106.3644,102.5993,106.082,72120768
2023-01-16,107.4939,108.6235,104.3877,106.7409,65734884
2023-01-17,107.3057,109.9412,106.1761,107.7763,62173474
2023-01-18,106.2703,108.1528,104.1994,107.3998,55425698
2023-01-19,104.4818,106.9292,103.8229,105.6114,55515129
2023-01-20,108.0587,110.1295,107.588,109.4706,64593525
2023-01-26,110.8825,111.5414,109.4706,110.6001,54550091
2023-01-27,110.7884,111.259,109,110.4119,49008508
2023-01-30,107.7763,108.6235,101.4697,102.5993,131046567
2023-01-31,103.164,104.0112,99.3048,101.2815,94863420
2023-02-01,102.5993,104.0112,100.905,103.5406,55654697
2023-02-02,104.8583,105.7055,102.3169,102.5993,39931077
2023-02-03,100.905,101.3756,99.1165,99.8696,55271792
2023-02-06,96.1986,97.7046,95.5397,97.1399,53151968
2023-02-07,97.4222,100.4343,97.4222,98.6459,38073535
2023-02-08,98.2694,98.6459,96.1045,97.4222,39292294
2023-02-09,97.4222,102.1286,97.0457,101.2815,60791720
2023-02-10,100.9991,101.2815,97.3281,97.987,44532345
2023-02-13,95.1632,98.74,94.7867,97.8929,41478273
2023-02-14,97.5164,97.7988,96.2927,96.481,39436631
2023-02-15,96.2927,96.481,94.2219,94.9749,46755321
2023-02-16,96.0103,99.2107,95.5397,96.1045,43292397
2023-02-17,96.1045,96.8575,93.6101,93.6101,37616027
2023-02-20,92.9982,94.5984,92.2452,93.563,38508675
2023-02-21,93.6571,93.6571,89.4214,89.6096,58373987
2023-02-22,86.6917,89.2331,86.6917,87.4918,59459217
2023-02-23,87.3035,90.598,87.1623,89.5626,48408447
2023-02-24,87.7742,87.7742,84.715,84.7621,81538617
2023-02-27,82.8324,86.7387,82.5971,84.1502,77371929
2023-02-28,83.0678,84.009,80.997,81.4205,82590338
2023-03-01,81.6088,86.7387,81.5147,86.5034,76906503
2023-03-02,83.3972,83.7737,82.3147,82.4559,79258745
2023-03-03,84.2444,84.2444,82.1735,82.8324,50893726
2023-03-06,82.2206,83.0678,81.4676,82.1265,53347406
2023-03-07,83.7737,86.2681,82.6442,83.3972,62222775
2023-03-08,81.8912,81.9853,80.1027,80.7146,51977469
2023-03-09,81.2323,81.4205,79.538,79.538,43587344
2023-03-10,76.7141,77.373,76.2435,76.3847,77303637
2023-03-13,77.5613,79.9615,76.6671,78.3614,64694323
2023-03-14,76.7141,77.2318,74.8316,75.3022,73040873
2023-03-15,77.8437,78.7849,76.7612,77.2318,46739487
2023-03-16,75.4905,76.6671,75.114,75.7729,45643767
2023-03-17,76.62,77.373,75.8199,76.7141,67317247
2023-03-20,76.1964,76.3847,73.5138,74.5492,52567854
2023-03-21,74.6904,75.9141,74.0786,75.7729,36073232
2023-03-22,77.373,79.4438,77.2789,77.9849,44553051
2023-03-23,77.7025,81.6088,77.5142,81.1381,67377220
2023-03-24,80.4322,81.5147,79.538,80.291,48345392
2023-03-27,81.2793,84.6679,78.8791,80.2439,100519321
2023-03-28,80.1027,80.6204,78.4084,79.3027,53162509
2023-03-29,91.1628,92.2452,88.8096,88.9978,163130347
2023-03-30,91.3981,91.4922,89.0919,91.2098,88453938
2023-03-31,95.2573,96.0103,93.7513,94.5043,89687911
2023-04-03,93.1865,94.0807,91.8687,92.7629,53752683
2023-04-04,90.5039,90.7862,88.1977,90.0332,53862168
2023-04-06,90.5509,92.2452,90.2685,92.0099,40751702
2023-04-11,94.316,95.5397,92.3393,93.4689,60954920
2023-04-12,91.9158,92.3864,90.0803,90.4097,38659231
2023-04-13,86.221,88.8096,85.7504,88.6213,65547652
2023-04-14,88.9507,89.5626,88.2448,88.9507,26025094
2023-04-17,87.7271,90.6921,87.3506,89.7979,37951973
2023-04-18,88.5742,89.9862,88.5742,89.2331,26770456
2023-04-19,88.9507,88.9507,86.5505,86.8329,35119559
2023-04-20,86.7858,87.4918,86.0799,86.3622,29866001
2023-04-21,84.1032,84.5738,82.1735,82.7854,62592264
2023-04-24,82.3147,83.3031,80.9499,81.797,35872549
2023-04-25,80.6675,80.9028,78.4084,79.1615,56529023
2023-04-26,76.8083,79.7262,76.4788,78.4084,72936666
2023-04-27,76.9965,77.373,76.0552,76.9965,63401706
2023-04-28,77.9849,78.9732,76.8553,77.2318,46940162
2023-05-02,78.7379,79.1615,76.7141,77.4672,26572826
2023-05-03,75.3963,75.867,75.0198,75.6317,39306160
2023-05-04,75.7729,76.6671,75.6317,75.9611,34428742
2023-05-05,77.1848,77.6084,76.3376,76.8553,33666492
2023-05-08,76.8553,77.5613,76.62,77.1377,40005891
2023-05-09,77.1377,77.1377,74.2668,74.7845,53328129
2023-05-10,75.3493,75.9611,74.1727,75.4905,41918692
2023-05-11,76.9965,77.8907,76.0552,77.7966,45547433
2023-05-12,80.1498,80.4792,78.8791,79.6792,60973363
2023-05-15,79.0673,81.4205,78.1261,80.4322,41392670
2023-05-16,81.7029,81.7029,79.9615,80.7146,26388517
2023-05-17,82.2206,82.3618,80.0086,80.4322,43307971
2023-05-18,83.0207,83.962,82.1265,82.5971,72221529
2023-05-19,78.5496,79.3968,77.1848,77.6084,92873084
2023-05-22,77.6084,80.1027,76.62,78.6908,54249146
2023-05-23,78.6908,79.6792,77.5142,78.1261,32115656
2023-05-24,76.2906,77.0906,75.867,76.2906,39045036
2023-05-25,75.3022,75.5846,73.0432,74.0315,75187196
2023-05-29,74.3139,74.8786,73.0432,73.2314,48515697
2023-05-30,74.2668,74.6904,72.9961,74.1727,40606239
2023-05-31,73.3726,73.3726,71.3489,73.3255,177424030
2023-06-01,72.5255,75.0198,72.3843,72.7608,76088679
2023-06-02,76.0082,77.9849,75.3963,77.6554,69157566
2023-06-05,77.9378,78.4555,76.9495,77.8907,34970258
2023-06-06,78.1261,79.2556,76.9965,77.5142,32679498
2023-06-07,79.6321,79.9145,78.4084,79.1144,33719527
2023-06-08,78.5026,78.9732,77.2318,78.4555,30975757
2023-06-09,78.8791,79.3968,78.1261,78.9732,32630311
2023-06-12,79.538,79.538,78.1261,79.0673,21072194
2023-06-13,78.6438,81.4205,78.5967,80.6675,44562105
2023-06-14,80.8558,81.3735,79.4909,80.1498,36808428
2023-06-15,82.1735,83.9149,81.5617,83.7737,58981505
2023-06-16,85.2798,87.2564,84.2444,86.221,176510302
2023-06-19,85.0915,85.7504,82.7383,84.4326,54103067
2023-06-20,84.2444,84.4797,82.7854,83.1619,37315367
2023-06-21,80.291,81.0911,79.538,79.7262,43362403
2023-06-23,80.0086,80.1027,78.2202,79.1144,29149129
2023-06-26,78.2202,79.7733,78.2202,78.3614,31955957
2023-06-27,79.3027,80.7146,78.7379,80.4322,33586916
2023-06-28,79.6792,79.9615,78.6438,79.3968,36259869
2023-06-29,78.4555,79.0203,76.8083,77.373,36238490
2023-06-30,76.62,77.1377,76.0552,76.4318,51987596
2023-07-03,77.1848,79.0673,77.1848,78.6438,27847744
2023-07-04,78.2672,79.0673,77.7495,79.0673,19606487
2023-07-05,79.4909,79.4909,77.373,77.7966,23226533
2023-07-06,76.9495,78.7849,75.7729,76.7141,33922544
2023-07-07,77.4672,81.6088,76.7141,79.3497,69003665
2023-07-10,83.7267,83.7737,80.9499,81.8912,67683238
2023-07-11,83.3031,84.009,82.5501,83.5384,51083010
2023-07-12,84.6209,85.6092,83.8208,84.5738,47490900
2023-07-13,86.5976,87.3035,86.174,87.3035,61069223
2023-07-14,89.4214,89.4214,86.5976,87.4918,48280964
2023-07-18,86.0799,86.1269,84.2914,84.4326,44406679
2023-07-19,83.3031,85.7975,82.3618,85.0444,46154569
2023-07-20,85.0915,86.7387,83.962,84.2444,27696550
2023-07-21,84.2444,86.0328,84.2444,85.9387,32113785
2023-07-24,84.715,85.421,83.5384,84.2914,29727637
2023-07-25,88.5272,89.5626,87.4918,89.5626,69490852
2023-07-26,87.5388,88.6684,87.2094,88.3389,38602996
2023-07-27,89.2802,90.0803,88.8096,89.845,42983693
2023-07-28,87.9153,90.8333,87.8212,90.2685,46062057
2023-07-31,93.1865,93.8925,91.1157,91.7746,74290881
2023-08-01,93.8454,94.1278,91.2098,92.104,53949339
2023-08-02,91.9158,92.81,89.0449,89.5626,37885551
2023-08-03,88.1977,89.1861,87.5859,87.68,50021614
2023-08-04,89.6567,90.9274,88.8566,89.5626,32949492
2023-08-07,88.8096,90.4097,88.1036,89.9862,22359341
2023-08-08,88.5742,88.7625,87.2564,87.5859,35528837
2023-08-09,86.927,88.8566,86.6446,88.5742,30298227
2023-08-10,88.2919,89.139,86.927,88.7625,34598900
2023-08-11,91.4451,92.1982,89.7038,89.7038,61924422
2023-08-14,86.8799,87.8683,86.0799,87.3506,41572767
2023-08-15,85.7504,87.2564,85.5151,85.8445,27712822
2023-08-16,84.715,85.3268,83.6796,84.009,42124798
2023-08-17,81.5147,85.2798,81.1381,84.8091,55171505
2023-08-18,84.009,84.5738,81.7029,81.8912,42258149
2023-08-21,80.6675,82.4089,80.1498,80.6675,39147534
2023-08-22,81.2793,83.4913,80.3851,82.2206,37262451
2023-08-23,81.5147,83.0207,81.044,82.1735,32126401
2023-08-24,82.9266,84.9974,82.5501,84.2914,39372255
2023-08-25,82.6442,83.3031,82.1735,82.3618,23103924
2023-08-28,86.4564,86.5034,83.4913,83.6796,30525112
2023-08-29,84.7621,86.1269,84.3856,85.5621,33359481
2023-08-30,86.5976,86.5976,84.5738,85.0444,39173999
2023-08-31,85.8916,86.3152,84.3385,84.9033,68704748
2023-09-04,87.4918,88.4801,86.5976,87.68,85600311
2023-09-05,87.5388,88.433,86.3622,86.927,54564801
2023-09-06,86.6917,87.4918,85.7975,86.8329,26538431
2023-09-07,87.5859,87.5859,85.1856,85.468,26196625
2023-09-11,82.7854,83.5855,81.75,82.8795,64101748
2023-09-12,81.6088,82.0324,80.8558,81.2323,33461787
2023-09-13,81.75,81.9853,80.291,80.5263,31205429
2023-09-14,80.7616,81.4676,80.1027,80.8558,32653822
2023-09-15,80.9499,82.3147,80.1969,81.1852,53342662
2023-09-18,80.1027,80.7146,79.2556,79.2556,31917296
2023-09-19,79.8204,80.1498,79.1144,79.8204,21904464
2023-09-20,79.8674,80.4792,79.4909,79.538,21150734
2023-09-21,79.3027,79.3497,77.5142,77.7966,33742916
2023-09-22,77.7966,81.2323,77.326,80.8558,40153148
2023-09-25,81.1381,81.4205,79.3027,79.3968,20742680
2023-09-26,79.4909,79.9615,78.5026,79.0203,27428051
2023-09-27,78.9732,80.6204,78.9732,79.538,27246265
2023-09-28,79.8674,79.8674,77.9849,78.1261,27187837
2023-09-29,79.0673,81.5617,78.6908,80.5734,34608437
2023-10-03,79.2085,79.3027,77.5142,78.2202,36631880
2023-10-04,77.2789,78.0319,76.4318,76.9495,25898508
2023-10-05,77.326,77.9378,76.5729,76.5729,21793205
2023-10-06,77.1848,78.4555,77.1848,78.0319,15175175
2023-10-09,77.8907,78.5496,76.7612,77.2789,24082283
2023-10-10,78.9732,80.291,78.3614,78.5026,29317215
2023-10-11,80.3381,80.5263,79.3497,79.6321,31718059
2023-10-12,81.797,81.797,80.6204,80.8087,26037608
2023-10-13,78.3614,78.9732,77.6554,77.7495,28548643
2023-10-16,77.373,77.9378,76.3376,76.5259,22249354
2023-10-17,77.0436,77.373,76.5729,77.1848,17701849
2023-10-18,77.0906,77.8437,76.2435,76.6671,21876252
2023-10-19,75.114,76.3847,74.408,74.5021,41786984
2023-10-20,73.6079,74.5021,73.5138,73.8903,35074847
2023-10-24,73.4197,73.9374,72.5255,72.6666,38345055
2023-10-25,76.0552,76.62,74.3609,74.6433,45615979
2023-10-26,74.5492,75.5846,74.3609,75.0669,23719270
2023-10-27,75.7258,77.9378,75.5375,77.5613,42806617
2023-10-30,76.0082,77.1848,75.9611,77.0436,31881265
2023-10-31,76.5259,76.5259,75.2081,75.3493,27394938
2023-11-01,75.3963,75.9611,74.4551,74.9257,20894177
2023-11-02,76.4318,77.373,75.5846,75.7729,17414151
2023-11-03,77.0906,78.2202,76.2906,77.9849,26892338
2023-11-06,79.3497,79.9615,78.6438,79.8674,30546035
2023-11-07,79.4438,79.7733,77.8907,78.2672,24603820
2023-11-08,78.1261,79.2085,77.4672,77.6554,22210760
2023-11-09,77.6554,77.9378,76.62,77.326,18303691
2023-11-10,76.1494,76.2435,74.8786,74.9257,34168743
2023-11-13,75.3022,76.3376,74.4551,75.9141,31021604
2023-11-14,75.5375,75.7258,74.4551,74.5492,28959042
2023-11-15,77.326,78.3614,76.4788,78.3143,50397502
2023-11-16,79.2556,79.2556,76.2435,76.5729,58203453
2023-11-17,70.5958,72.1489,68.6191,68.9486,190538032
2023-11-20,70.4076,70.8312,69.278,70.0781,109101660
2023-11-21,71.5371,72.949,71.3018,71.5371,86788578
2023-11-22,72.0548,72.6666,71.6312,72.3372,47284218
2023-11-23,71.9607,72.949,71.5371,72.7137,39544273
2023-11-24,72.5725,72.8078,71.443,71.7254,29509755
2023-11-27,71.49,71.7724,70.3134,71.6312,36613788
2023-11-28,70.5958,71.0194,69.6546,69.984,56690172
2023-11-29,69.6075,69.7957,67.6779,68.4309,91555012
2023-11-30,68.2426,68.7133,67.4426,68.478,85244702
2023-12-01,68.3368,68.7603,67.4426,67.6308,93686293
2023-12-04,68.1014,68.2897,66.4071,66.6425,78421903
2023-12-05,66.6425,66.8778,65.7953,66.3601,56325918
2023-12-06,65.8894,66.6895,65.3247,66.0306,74529931
2023-12-07,65.3247,65.8424,64.6187,65.6071,39815379
2023-12-08,65.6071,66.8307,65.2305,66.3601,52123073
2023-12-11,65.1835,65.4188,63.8186,64.7599,70139100
2023-12-12,64.9952,66.0777,64.807,65.9836,37921483
2023-12-13,64.9482,65.7012,64.807,65.3247,27833190
2023-12-14,65.4659,66.4542,64.5717,65.0423,44998398
2023-12-15,66.266,68.6662,66.266,67.4426,62228683
2023-12-18,67.6779,68.525,67.4896,67.8661,37723193
2023-12-19,67.6308,67.9132,66.9719,67.4426,31969362
2023-12-20,69.3281,70.3301,68.9464,69.2327,44579808
2023-12-21,68.9464,70.187,68.7079,69.9961,34236257
2023-12-22,70.8073,71.3798,68.3739,68.5647,59400452
2023-12-27,70.1393,70.9027,69.519,70.4256,36876901
2023-12-28,70.4256,72.6681,70.2824,72.3818,49312462
2023-12-29,72.525,72.5727,71.6184,72.1432,26301974
2024-01-02,72.6204,72.7158,70.7595,71.2844,28567849
2024-01-03,70.0438,70.0438,69.2804,69.9484,37529342
2024-01-04,70.6164,70.8073,69.9484,70.6641,37563294
2024-01-05,69.7098,69.7098,68.1353,68.3739,52087626
2024-01-08,68.0399,68.0876,66.4653,67.1333,34239253
2024-01-09,67.0379,67.849,66.3699,66.5607,50769600
2024-01-10,66.7039,67.1333,65.7496,66.1313,52717505
2024-01-11,66.2267,68.6124,65.8927,67.6104,44861174
2024-01-12,67.181,68.4693,66.8947,67.3242,28180147
2024-01-15,66.8947,67.5627,66.2267,66.7993,19966338
2024-01-16,65.7019,66.7993,64.9385,65.2725,42678068
2024-01-17,64.8908,64.8908,62.1234,62.6482,68277439
2024-01-18,64.0319,64.3182,63.1253,63.6025,57626977
2024-01-19,63.0776,63.7933,62.1711,62.5528,54296782
2024-01-22,64.0319,64.1273,61.6462,62.4574,74043690
2024-01-23,63.5548,66.179,63.2685,64.5568,74570912
2024-01-24,68.4216,69.6621,66.9424,69.2804,103474200
2024-01-25,69.6621,70.3301,68.6124,69.9961,64649639
2024-01-26,69.0896,69.2804,67.0379,67.6582,60517346
2024-01-29,68.8987,70.1393,68.8033,69.2804,52527482
2024-01-30,68.3739,68.7079,67.515,67.8967,39880218
2024-01-31,67.7059,67.7536,65.9882,66.3699,51391419
2024-02-01,66.9902,69.3281,66.5607,67.8013,50417313
2024-02-02,68.7079,69.4236,66.847,67.4673,34666865
2024-02-05,65.8927,68.2307,65.8927,67.4196,38569568
2024-02-06,69.4713,73.193,69.3281,72.525,109957108
2024-02-07,73.3361,73.5269,71.1413,71.4753,62186756
2024-02-08,68.0876,68.6124,66.2267,67.0856,113581630
2024-02-09,65.3679,66.3222,64.9385,66.1313,42137510
2024-02-14,65.5587,67.7059,65.177,67.5627,42049345
2024-02-15,67.4673,68.6124,67.3719,68.0399,32587285
2024-02-16,68.517,70.0438,68.0876,69.6621,52343661
2024-02-19,69.185,69.3758,68.2307,68.2307,29322068
2024-02-20,68.8987,69.2804,67.5627,68.851,32254405
2024-02-21,68.1353,70.8073,67.8967,69.5667,51979465
2024-02-22,70.3301,71.4275,70.0916,71.4275,42773596
2024-02-23,70.7118,71.7615,70.3778,71.1413,27579751
2024-02-26,70.9027,71.2844,70.3301,70.7595,22212373
2024-02-27,71.0458,72.3818,69.8053,72.0478,40440438
2024-02-28,72.1432,72.7158,70.7118,70.855,42583119
2024-02-29,69.4236,70.7118,69.0896,69.5667,49333481
2024-03-01,68.7079,70.0438,68.2307,69.7098,60262868
2024-03-04,69.9484,70.0916,68.2307,68.8033,55605212
2024-03-05,66.9902,67.6582,65.8927,66.513,59448363
2024-03-06,67.3242,69.3758,67.0856,68.5647,56159854
2024-03-07,68.7556,69.3281,66.8947,67.4673,42526429
2024-03-08,67.5627,69.0419,67.515,67.9922,33041436
2024-03-11,68.851,69.853,68.8033,69.4713,37032890
2024-03-12,70.187,71.5707,69.6144,71.4275,73206579
2024-03-13,71.0935,71.6184,70.3778,70.6164,47435359
2024-03-14,70.9027,71.7615,69.4713,70.0916,48282142
2024-03-15,68.1353,68.7079,67.5627,68.6124,66420792
2024-03-18,67.8967,69.185,67.8967,68.7079,29947868
2024-03-19,67.9922,68.4216,67.3719,67.849,38328086
2024-03-20,68.0399,68.4693,67.1333,67.9922,30531961
2024-03-21,69.185,69.9007,68.9464,69.2327,38991190
2024-03-22,68.8987,69.0896,66.8947,67.7536,46657792
2024-03-25,66.9424,67.7059,66.6085,67.0856,42502492
2024-03-26,66.3222,67.6104,66.1313,67.0856,46925401
2024-03-27,66.513,66.7516,65.3679,65.6542,66012638
2024-03-28,66.179,68.4216,66.179,67.0379,63275589
2024-04-02,68.3739,68.7079,66.513,67.7536,63731872
2024-04-03,68.5647,68.5647,66.9424,67.1333,42103303
2024-04-05,67.181,67.7059,65.7496,66.847,41301670
2024-04-08,66.7039,67.7536,66.0836,67.181,29316176
2024-04-09,66.8947,68.183,66.6562,67.2764,34509483
2024-04-10,68.0399,71.189,68.0399,70.5687,87693112
2024-04-11,69.4236,71.0458,69.185,70.8073,41223561
2024-04-12,69.8053,70.1393,68.183,68.3739,44688721
2024-04-15,66.7993,67.4196,66.6085,67.181,42987921
2024-04-16,65.6542,66.0836,65.0816,65.3202,53443746
2024-04-17,64.9862,65.4156,64.2228,64.8908,40972640
2024-04-18,64.6045,65.4156,64.1273,64.7953,31609984
2024-04-19,63.7933,63.9842,62.7913,63.6502,51647818
2024-04-22,64.509,66.2745,64.509,65.3202,42767591
2024-04-23,66.1313,67.1333,65.6542,66.6085,47335665
2024-04-24,67.9922,69.6621,67.515,69.185,64630900
2024-04-25,69.185,70.7118,68.7556,69.6621,43558815
2024-04-26,69.853,72.2387,69.853,71.857,76974505
2024-04-29,70.9027,72.525,70.7118,70.9504,55367962
2024-04-30,71.7138,71.9524,70.4256,70.9504,47495457
2024-05-02,70.1393,73.2407,69.9961,72.6204,68356381
2024-05-03,75.1015,76.7715,74.9106,75.5786,79294381
2024-05-06,75.8649,75.9604,74.9106,75.8649,56218498
2024-05-07,75.4355,75.7218,73.8609,74.4812,45448994
2024-05-08,74.6721,74.8629,72.0955,72.6681,54000423
2024-05-09,72.2864,73.4315,71.857,73.2884,52298823
2024-05-10,73.9564,75.1492,73.5747,74.3858,47295135
2024-05-13,74.0995,77.8689,73.7655,77.4395,78841984
2024-05-14,78.2506,79.6343,78.2506,78.8709,78159136
2024-05-16,75.6741,77.2963,75.1969,76.0558,111040078
2024-05-17,81.1134,81.9723,80.5886,81.7814,111456576
2024-05-20,81.9723,82.354,80.9703,81.4474,53129878
2024-05-21,81.5906,81.9723,80.1115,80.5409,43053288
2024-05-22,80.3023,80.4454,79.2049,79.2049,34490738
2024-05-23,77.2963,77.3441,74.0041,75.0538,100353257
2024-05-24,74.8629,76.2466,74.0995,74.5767,48522482
2024-05-27,75.2924,76.0081,74.3381,75.6264,39037400
2024-05-28,75.5786,76.5329,75.2446,75.9126,32245775
2024-05-29,74.9106,75.1969,72.6204,73.2884,67568273
2024-05-30,72.9067,74.0518,72.4295,72.8112,46353905
2024-05-31,73.9087,74.3381,71.4753,71.4753,148283968
2024-06-03,73.0021,73.9564,72.9544,73.1452,73997961
2024-06-04,72.525,73.3361,72.4295,72.9067,30437293
2024-06-05,73.6224,74.8152,73.0975,73.4315,41354457
2024-06-06,74.5289,74.8629,73.1452,73.5747,39115156
2024-06-07,74.5289,74.5289,73.3838,73.5747,46037914
2024-06-11,73.0975,73.5269,72.2864,72.9544,45378373
2024-06-12,72.6335,73.3159,72.1947,72.2922,34449076
2024-06-13,73.4134,73.4622,71.8535,72.6335,51382442
2024-06-14,71.9023,72.0485,70.4398,70.9761,61962416
2024-06-17,70.0499,71.1711,69.3674,70.6836,35419261
2024-06-18,70.6836,71.561,70.0499,70.2936,34574126
2024-06-19,71.0736,72.5847,70.4398,72.341,31831878
2024-06-20,72.0973,72.5847,71.4635,71.561,24354943
2024-06-21,70.6348,70.8298,69.7086,70.1961,57906313
2024-06-24,69.2699,70.2936,69.2212,70.2449,32160122
2024-06-25,70.4398,71.366,70.2936,70.8298,27467171
2024-06-26,69.9036,71.6098,69.9036,71.0248,29066186
2024-06-27,70.1961,70.7811,69.4649,69.7574,37688869
2024-06-28,68.8312,69.8061,68.7337,68.7337,39388456
2024-07-02,68.0512,70.1961,68.0512,68.6849,43280648
2024-07-03,69.8549,70.9273,69.3187,70.3911,38913160
2024-07-04,71.561,72.0973,71.1711,71.3173,30491758
2024-07-05,71.2685,71.951,70.9273,71.0736,30464780
2024-07-08,70.2449,70.8298,69.6599,70.0011,41071018
2024-07-09,69.4649,71.1711,69.4649,70.6836,33931545
2024-07-10,71.8535,72.731,71.2685,71.2685,35940892
2024-07-11,72.146,74.0959,71.951,73.5597,48693395
2024-07-12,74.4859,76.7282,74.4859,76.4358,65804366
2024-07-15,75.2658,75.997,74.4371,74.7296,40320270
2024-07-16,73.8034,74.0471,73.2184,73.6084,33288019
2024-07-17,74.0471,75.0221,73.9009,74.3884,43176485
2024-07-18,73.6572,74.1934,73.2184,73.9009,35852222
2024-07-19,72.6822,73.0722,71.6098,71.951,42933703
2024-07-22,71.951,73.3159,71.8535,72.8772,33903557
2024-07-23,73.2672,73.3159,72.146,72.2435,29397901
2024-07-24,72.1947,72.9747,72.1947,72.341,24392950
2024-07-25,72.6335,72.6822,71.366,71.4635,28685062
2024-07-26,71.756,72.0485,70.9761,71.2685,24685769
2024-07-29,72.926,75.3633,72.8772,74.6321,74410239
2024-07-30,74.7296,75.0221,73.7059,74.2909,42711031
2024-07-31,74.3884,76.3383,74.1934,75.3633,63322191
2024-08-01,75.2658,76.0458,74.8758,75.5583,38913402
2024-08-02,74.0959,74.8271,72.9747,73.4622,36160705
2024-08-05,72.2922,73.9009,70.9761,72.341,49548357
2024-08-06,73.4622,74.2909,73.3159,73.3647,47939836
2024-08-07,74.0959,75.5583,73.8522,74.5834,39385356
2024-08-08,73.8522,76.2895,73.4622,74.6321,49320546
2024-08-09,76.1433,76.972,75.8995,75.8995,37944538
2024-08-12,75.8995,76.8745,75.2658,76.4845,36296039
2024-08-13,76.6307,77.167,76.0458,76.6795,31992760
2024-08-14,76.8745,77.362,76.0945,76.3383,35577408
2024-08-15,75.7046,75.997,73.6084,74.4859,69314475
2024-08-16,75.802,78.6294,75.6071,78.0932,86304798
2024-08-19,79.2631,80.5793,79.1656,79.4093,58682838
2024-08-20,79.6531,79.7018,77.9469,78.3857,42535840
2024-08-21,76.4358,77.9469,76.3383,77.9469,51464907
2024-08-22,79.0681,79.8968,77.9469,79.6043,40296293
2024-08-23,79.6043,80.7743,79.0681,80.5793,43575656
2024-08-26,81.3105,81.8467,79.8968,81.213,47740986
2024-08-27,78.0444,78.3369,77.0207,77.9469,85310659
2024-08-28,77.8982,78.0932,76.6307,77.1182,38782872
2024-08-29,75.6071,77.1182,75.3633,77.0695,42829550
2024-08-30,76.7282,79.9943,76.4358,79.4093,109667309
2024-09-02,79.3119,79.4093,77.4107,77.5082,53674093
2024-09-03,77.6544,78.5319,77.0207,78.0932,27709377
2024-09-04,77.4107,78.3857,77.0207,78.0932,28553946
2024-09-05,78.2882,78.8244,77.2157,77.8007,29214099
2024-09-09,76.8257,77.4107,75.7046,76.3383,79250807
2024-09-10,77.9957,80.3843,77.9957,79.5556,206633087
2024-09-11,79.5068,80.3355,78.1419,79.4093,83945417
2024-09-12,80.4818,81.798,80.2868,81.1155,83669607
2024-09-13,81.408,82.5292,80.1893,80.6768,59196273
2024-09-16,79.7993,80.238,79.3606,79.9456,26558684
2024-09-17,79.3606,81.018,79.3119,80.7743,30485324
2024-09-19,80.7743,84.3328,80.433,83.5529,109112014
2024-09-20,83.8453,86.7702,83.2604,85.0153,122726621
2024-09-23,84.7228,86.4777,84.3816,84.5766,69609537
2024-09-24,86.9164,89.89,85.844,89.695,141958511
2024-09-25,92.6199,92.6199,88.3301,89.0126,159777709
2024-09-26,90.1825,96.7634,89.5,95.301,203287208
2024-09-27,99.4445,102.2718,97.8846,99.932,198337444
2024-09-30,104.9042,109.9739,103.6368,107.2441,250502801
2024-10-02,107.634,115.7261,107.634,112.2163,179685038
2024-10-03,110.1689,110.1689,103.8317,107.2441,138390517
2024-10-04,107.2441,111.4363,106.0741,111.0463,90914228
2024-10-07,111.3388,113.9712,110.1689,111.7288,105041570
2024-10-08,108.5115,108.999,100.4194,101.8818,252168999
2024-10-09,104.5142,105.0017,97.1534,100.3219,177757025
2024-10-10,102.3693,105.0992,101.7844,103.1493,104808386
2024-10-14,104.3192,104.4167,100.1269,102.5643,79240625
2024-10-15,102.5643,102.5643,96.2759,97.3484,113107803
2024-10-16,96.0322,98.372,95.3985,96.4709,67551937
2024-10-17,97.4946,100.1269,95.2522,96.0322,65933840
2024-10-18,95.2035,99.932,92.9123,97.9821,119104755
2024-10-21,97.6896,98.2745,94.131,95.3497,63514538
2024-10-22,95.1547,96.2272,93.6923,94.8135,48715559
2024-10-23,93.9848,95.8859,93.6923,94.8622,61919784
2024-10-24,92.6686,92.9123,91.1574,91.7912,76909887
2024-10-25,92.6199,94.7647,92.2299,92.9611,53441957
2024-10-28,93.3023,95.9347,92.6686,94.2285,69415882
2024-10-29,94.911,96.7146,94.4235,95.106,57004880
2024-10-30,93.7411,94.716,92.8149,93.4486,51472115
2024-10-31,92.9611,94.3748,92.1811,92.1811,47207811
2024-11-01,93.3511,93.5461,91.6937,92.6199,38347683
2024-11-04,93.2048,94.0335,92.8149,93.6436,31007532
2024-11-05,92.7174,96.1784,92.7174,95.9347,50986901
2024-11-06,94.0823,94.326,91.4012,92.0349,88756404
2024-11-07,91.4499,93.7411,90.9137,93.2536,57481876
2024-11-08,95.5447,97.0071,91.6449,91.6449,74794561
2024-11-11,89.0613,94.326,87.7939,91.7424,103787086
2024-11-12,91.3037,92.6199,87.6964,88.2814,89444897
2024-11-13,87.2089,88.6226,87.2089,88.2814,63573164
2024-11-14,86.9164,88.1839,85.454,85.7465,67262128
2024-11-15,85.7952,86.5265,84.8203,85.0153,49182995
2024-11-18,84.6741,84.9665,83.1629,84.1378,70101208
2024-11-19,84.7715,85.259,82.5779,83.1141,68824611
2024-11-20,82.6754,83.1141,81.408,82.6267,70389532
2024-11-21,82.2367,82.8217,81.5055,82.2854,45741828
2024-11-22,81.5055,81.9442,78.1907,78.6781,110110185
2024-11-25,78.6781,80.7255,77.8982,79.8968,163133423
2024-11-26,79.7506,82.3342,79.7506,81.2617,78159824
2024-11-27,81.1155,83.5529,80.433,82.8704,56559911
2024-11-28,82.1879,82.2367,80.6768,81.3105,45005738
2024-11-29,80.823,82.6754,80.7743,81.5542,36163262
2024-12-02,82.1392,83.5041,81.6517,81.8955,55668722
2024-12-03,81.603,82.6754,80.7743,82.3342,45041216
2024-12-04,81.2617,82.1392,80.5305,81.8955,57896484
2024-12-05,80.7255,81.0668,79.6043,79.8968,66632997
2024-12-06,80.1406,82.5779,79.7018,81.8467,73451040
2024-12-09,80.6768,85.064,80.5793,84.7228,90092033
2024-12-10,88.9638,89.1101,84.3816,84.4303,97398890
2024-12-11,85.1128,85.5028,83.9916,84.0403,51946094
2024-12-12,83.7966,86.5265,83.7966,85.7952,64845532
2024-12-13,84.3816,85.259,83.6016,83.6016,61023463
2024-12-16,83.6016,83.7479,81.408,82.2367,47958063
2024-12-17,81.798,81.993,80.4818,81.3105,52558686
2024-12-18,82.7242,82.7242,81.5542,81.9442,35976303
2024-12-19,80.628,81.3592,79.9943,80.8718,56263173
2024-12-20,79.7506,80.1893,77.362,78.0932,132887681
2024-12-23,78.6781,79.3119,77.8982,78.9706,57974855
2024-12-24,80.238,81.8467,80.0918,81.0668,46601344
2024-12-27,80.9205,81.2617,79.3119,80.2868,44013080
2024-12-30,80.2868,80.8718,79.5068,79.9456,39010940
2024-12-31,79.9456,81.408,79.7506,80.3355,31449160
2025-01-02,80.3355,80.628,78.7756,79.2631,48562393
2025-01-03,81.018,81.6517,79.9456,80.5305,57859265
2025-01-06,81.0668,81.2617,79.8481,80.0918,36259231
2025-01-07,80.0918,80.3843,78.4831,79.3606,57807719
2025-01-08,79.5556,80.1893,78.3857,78.8731,51033856
2025-01-09,78.8731,79.5556,78.4344,78.5806,38857402
2025-01-10,78.8731,79.1656,77.5082,77.6057,49178401
2025-01-13,76.5333,76.582,75.4121,76.1433,47082642
2025-01-14,76.777,78.3369,76.387,77.9469,62238203
2025-01-15,77.1182,78.1419,77.1182,77.9469,34729525
2025-01-16,78.0932,79.4093,77.2645,78.4344,40303852
2025-01-17,77.9957,78.7269,77.6057,78.7269,40613226
2025-01-20,80.628,83.9428,80.3355,82.4317,92760400
2025-01-21,83.6504,83.7966,81.798,82.6754,45376591
2025-01-22,81.213,81.798,79.6043,80.1406,50020729
2025-01-23,81.7492,82.1392,80.4818,80.823,35695244
2025-01-24,81.6517,82.8704,80.9205,82.6267,56000920
2025-01-27,84.4303,85.7465,83.9428,85.064,77324541
2025-01-28,86.2827,86.2827,85.454,86.0877,28186080
2025-02-03,90.2312,91.7424,88.1351,91.6449,137951734
2025-02-04,94.3748,95.496,92.3761,95.2035,119029715
2025-02-05,96.5196,97.1534,92.9123,95.106,130268715
2025-02-06,94.521,96.4222,94.0823,96.0809,82663790
2025-02-07,95.5447,98.372,95.2522,97.4946,111035834
2025-02-10,100.4194,103.8317,100.4194,102.8568,154940987
2025-02-11,105.1967,105.8791,101.9793,102.2718,133001073
2025-02-12,106.4641,111.0463,106.3666,110.9488,215324934
2025-02-13,112.3138,121.1858,112.3138,113.7762,336901993
2025-02-14,113.9712,121.1858,113.8737,120.9908,267121701
2025-02-17,121.7707,126.2555,115.8236,119.1384,293596265
2025-02-18,118.9434,125.378,118.9434,123.1357,197776235
2025-02-19,120.6008,122.2582,119.2359,120.9908,148288754
2025-02-20,119.3334,120.5033,115.4336,117.871,178330455
2025-02-21,129.6678,136.1025,127.7179,135.03,329402607
2025-02-24,135.42,137.3699,130.9352,132.3002,222538792
2025-02-25,121.9657,129.9603,121.8682,127.3279,234415866
2025-02-26,128.9853,135.615,128.6929,133.4701,197155020
2025-02-27,134.0551,136.1999,129.8628,132.3002,180178311
2025-02-28,130.2528,130.4478,123.9156,124.3056,209019085
2025-03-03,126.548,131.1302,125.378,127.1329,164140645
2025-03-04,123.4282,126.0605,121.3808,124.5981,133778504
2025-03-05,125.1831,128.2054,123.4282,126.6455,132295744
2025-03-06,134.5425,137.9548,133.8601,137.2724,198863431
2025-03-07,134.3475,142.2446,133.7626,136.4924,250700100
2025-03-10,133.7626,135.225,130.2528,131.1302,179071477
2025-03-11,124.5981,131.4227,124.5006,130.2528,157697693
2025-03-12,134.5425,134.5425,128.5954,131.4227,124456918
2025-03-13,130.4478,130.5453,125.8655,128.2054,101846984
2025-03-14,131.1302,134.1526,129.4728,132.3977,108673140
2025-03-17,134.1526,135.5175,131.7152,132.1052,72542321
2025-03-18,139.7098,139.9047,137.0774,139.8072,145909264
2025-03-19,136.7849,138.7348,136.1025,137.5649,83578664
2025-03-20,136.4924,136.4924,131.7152,132.1052,113971960
2025-03-21,130.2528,131.9102,127.1329,127.4254,143069660
2025-03-24,128.6929,130.7402,127.1329,129.4728,90778453
2025-03-25,127.4254,128.7904,124.4031,124.5006,104041459
2025-03-26,125.378,127.4254,124.7931,126.2555,57480050
2025-03-27,126.158,129.6678,125.0856,126.8405,63397449
2025-03-28,128.6929,130.1553,125.768,127.7179,66594496
2025-03-31,125.573,126.743,122.9407,124.7931,78698386
2025-04-01,125.8655,128.2054,125.6705,126.548,59194990
2025-04-02,125.768,128.6929,125.1831,126.743,61236236
2025-04-03,119.4309,123.2332,118.4559,120.4058,165415092
2025-04-07,105.2942,109.3889,97.4946,98.762,392361045
2025-04-08,103.0518,103.6368,95.106,99.932,291748687
2025-04-09,94.9597,103.0518,93.3023,101.0044,251724654
2025-04-10,105.2942,107.634,101.7844,102.1743,239469665
2025-04-11,100.4194,103.9292,98.957,100.4194,178687575
2025-04-14,104.7092,107.1466,103.0518,105.4891,166612582
2025-04-15,108.999,108.999,105.8791,107.1466,103926447
2025-04-16,104.3192,104.8067,101.3944,102.7593,116440525
2025-04-17,102.4668,106.5616,101.8818,105.9766,113941562
2025-04-22,105.6841,108.7065,104.5142,107.2441,118989644
2025-04-23,113.4837,113.9712,111.0463,113.0937,142919552
2025-04-24,112.8012,113.3862,109.6814,110.9488,91662927
2025-04-25,113.2887,114.9461,112.0213,112.7037,82127311
2025-04-28,114.8486,114.8486,111.5338,112.3138,67368966
2025-04-29,112.8012,114.4587,111.3388,112.1188,63943734
2025-04-30,113.4837,114.6536,111.7288,114.5561,68302501
2025-05-02,116.2136,120.0158,115.1411,118.9434,72747697
2025-05-06,119.4309,121.5758,117.7735,120.6983,89828348
2025-05-07,123.7206,124.5981,118.2609,118.2609,105915833
2025-05-08,117.7735,120.6008,117.286,118.4559,70065236
2025-05-09,119.8209,121.2833,118.7484,120.5033,64212711
2025-05-12,122.9407,128.5954,121.7707,127.9129,163626351
2025-05-13,127.7179,127.7179,122.4532,122.9407,110675822
2025-05-14,124.5981,127.5229,123.6231,127.1329,88967136
2025-05-15,128.1079,128.4004,124.6956,125.6705,83762982
2025-05-16,117.9685,121.0883,117.286,120.3083,146404177
2025-05-19,116.896,117.7735,114.5561,116.2136,124103481
2025-05-20,116.9935,119.5284,116.2136,118.6509,63599789
2025-05-21,120.0158,120.6008,119.0409,120.0158,48764348
2025-05-22,118.5534,118.7484,115.6286,116.1161,77869662
2025-05-23,116.0186,117.091,114.7511,115.8236,66708012
2025-05-26,115.5311,116.6035,113.8737,113.9712,61541743
2025-05-27,113.0937,115.2386,112.2163,115.0436,52883817
2025-05-28,115.2386,115.5311,112.3138,112.8012,68081387
2025-05-29,112.4113,115.8236,112.4113,115.1411,74783592
2025-05-30,112.2163,112.5088,109.9739,111.0463,204654182
2025-06-02,109.1939,110.7539,107.0491,110.3639,73453819
2025-06-03,110.3639,111.5338,110.0714,111.0463,59256715
2025-06-04,110.3639,112.7037,109.7789,111.7288,73216251
2025-06-05,114.9461,115.5311,114.2637,115.3361,77117941
2025-06-06,115.3361,115.3361,112.8012,113.6787,75163798
2025-06-09,115.0436,117.286,114.6536,116.311,84322573
2025-06-10,117.3835,117.481,114.6536,115.8236,54323007
2025-06-11,117.5593,117.9558,116.8654,117.361,50080516
2025-06-12,114.6847,115.2795,113.297,113.5944,82878015
2025-06-13,111.8102,113.0988,109.6295,111.0172,122464076
2025-06-16,110.1251,112.8014,109.3321,111.9093,73900525
2025-06-17,113.297,114.4865,112.9005,113.7926,59968684
2025-06-18,113.0988,113.0988,110.4225,111.2155,55865417
2025-06-19,110.6207,110.9181,108.6383,109.0348,55573686
2025-06-20,110.026,110.7198,109.0348,110.7198,106839365
2025-06-23,109.0348,110.1251,107.647,109.8277,68537835
2025-06-24,111.1163,112.6032,110.6207,111.7111,66616313
2025-06-25,113.9909,115.1804,112.6032,114.4865,79338255
2025-06-26,112.0084,112.3058,111.1163,111.2155,86859946
2025-06-27,111.6119,112.504,110.4225,111.1163,75942306
2025-06-30,110.5216,111.0172,108.8365,108.8365,90192013
2025-07-02,110.7198,111.0172,107.7462,108.44,88248907
2025-07-03,107.8453,108.6383,104.2769,105.2681,155395466
2025-07-04,104.2769,105.4663,102.1953,104.1778,106812953
2025-07-07,103.0874,104.6734,101.4023,104.4751,81216305
2025-07-08,103.7813,106.6558,103.2857,106.0611,81928731
2025-07-09,105.169,105.3672,101.7988,101.9971,134137844
2025-07-10,101.105,102.8892,100.9067,102.2944,98855593
2025-07-11,102.3935,105.962,102.3935,104.1778,115975182
2025-07-14,103.4839,105.7637,103.4839,105.169,65552727
2025-07-15,105.5655,112.7023,105.5655,112.504,195489816
2025-07-16,114.6847,116.6672,112.504,112.8014,144295161
2025-07-17,112.4049,113.9909,111.1163,111.5128,74908706
2025-07-18,114.2882,115.2795,113.3961,114.7839,83105716
2025-07-21,117.7575,117.7575,115.9733,116.8654,95474095
2025-07-22,116.6672,117.1628,114.9821,116.9646,63352702
2025-07-23,117.9558,120.9295,116.6672,119.8391,119661760
2025-07-24,119.8391,120.7312,118.8479,119.2444,77592812
2025-07-25,118.0549,118.2532,116.4689,116.9646,63455940
2025-07-28,118.4514,120.6321,117.8567,119.5417,69215231
2025-07-29,118.154,119.9382,117.0637,119.6409,59019387
2025-07-30,116.6672,118.5505,116.0725,116.0725,88754280
2025-07-31,114.9821,116.9646,113.297,114.6847,97698587
2025-08-01,116.7663,118.2532,115.676,115.8742,75031091
2025-08-04,114.4865,115.676,113.6935,115.1804,50516068
2025-08-05,115.0812,115.2795,113.5944,114.9821,52371110
2025-08-06,114.5856,118.154,114.09,115.676,73715023
2025-08-07,118.0549,118.7488,116.8654,118.154,66845112
2025-08-08,117.5593,117.5593,115.0812,115.2795,60373207
2025-08-11,116.9646,117.9558,115.8742,117.4602,43065055
2025-08-12,115.7751,116.4689,115.0812,115.5768,55676119
2025-08-13,118.947,122.7137,118.154,122.6145,150500459
2025-08-14,123.7049,124.1014,119.9382,120.7312,83916791
2025-08-15,118.2532,118.7488,116.7663,117.0637,110541625
2025-08-18,117.2619,119.74,117.2619,117.5593,76093381
2025-08-19,117.361,118.6496,116.8654,117.2619,55732895
2025-08-20,116.1716,116.9646,115.0812,116.4689,62830049
2025-08-21,116.2707,116.5681,113.9909,114.6847,66716053
2025-08-22,114.4865,117.2619,114.2882,116.9646,73604857
2025-08-25,119.3435,124.8944,119.3435,123.4075,162992103
2025-08-26,120.9295,122.8128,120.0374,120.2356,90253630
2025-08-27,120.2356,123.2093,119.9382,120.4338,114213258
2025-08-28,118.0549,118.2532,114.5856,114.7839,171962832
2025-08-29,115.7751,117.9558,114.6847,114.6847,110429482
2025-09-01,131.8329,136.7891,131.8329,135.897,404948185
2025-09-02,138.6724,138.6724,133.518,133.518,166594096
2025-09-03,135.3022,136.5908,131.8329,132.9233,104631522
2025-09-04,133.1215,133.6171,127.3724,128.661,148595855
2025-09-05,127.3724,131.8329,126.9759,130.6435,127450276
2025-09-08,132.0312,136.7891,131.9321,136.0952,147299900
2025-09-09,137.3838,141.5469,136.7891,140.6548,181120225
2025-09-10,143.4303,146.6022,141.3487,141.5469,181722198
2025-09-11,139.6636,145.2145,137.8794,142.0426,174456621
2025-09-12,150.3688,152.4504,148.7829,149.7741,170663495
2025-09-15,149.0802,155.4241,148.7829,153.2434,146193613
2025-09-16,152.6487,155.4241,151.1618,152.153,111088746
2025-09-17,156.3162,160.8758,155.325,160.182,156646724
2025-09-18,160.6776,163.3539,154.9285,157.01,209809246
2025-09-19,157.5057,161.3714,155.2258,157.7039,138827373
2025-09-22,156.2171,160.0828,155.9197,157.803,103208970
2025-09-23,158.596,161.6688,155.325,158.0013,119175251
2025-09-24,157.1092,173.3653,156.2171,172.4732,261023658
2025-09-25,172.4732,176.2398,169.5986,170.4907,172333447
2025-09-26,166.9223,170.3916,163.5521,165.039,152987253
2025-09-29,165.4355,172.7705,165.4355,171.8784,134259119
2025-09-30,175.0503,176.4381,172.1758,175.4468,135460219
2025-10-02,178.1231,183.3766,177.5284,181.4933,96036992
2025-10-03,183.3766,184.5661,181.6916,183.4758,56780997
2025-10-06,180.2047,182.1872,178.2223,178.9161,49211980
2025-10-08,176.5372,176.7354,171.9775,176.0416,75252197
2025-10-09,177.4293,177.4293,169.9951,171.7793,158029622
2025-10-10,167.6162,168.8056,163.3539,163.9486,186753966
2025-10-13,157.6048,162.1644,154.7302,161.1732,282816644
2025-10-14,163.3539,164.6425,152.6487,154.2346,201534774
2025-10-15,157.3074,161.2723,154.7302,160.182,111159729
2025-10-16,161.1732,162.7592,157.2083,159.7855,73190193
2025-10-17,159.5872,159.5872,151.6574,153.0451,133552318
2025-10-20,160.6776,161.4706,158.596,160.4793,98042110
2025-10-21,166.0302,167.517,163.3539,163.6513,110624314
2025-10-22,161.2723,162.1644,158.596,160.4793,67640668
2025-10-23,160.4793,164.0477,157.7039,163.1557,86447894
2025-10-24,166.5258,167.8144,165.1381,166.8232,84064278
2025-10-27,173.2661,173.4644,170.5898,172.0767,96795907
2025-10-28,172.4732,172.6714,168.0126,169.4995,78492657
2025-10-30,171.8784,173.2661,167.517,170.5898,112254088
2025-10-31,168.31,169.103,163.6513,163.6513,97457096
2025-11-03,163.453,164.8407,160.0828,161.7679,74773287
2025-11-04,162.5609,162.5609,156.7127,157.6048,89529769
2025-11-05,155.2258,157.9022,152.8469,157.1092,94071358
2025-11-06,159.389,163.8495,158.4969,163.5521,83528391
2025-11-07,161.7679,161.7679,157.5057,158.6951,66709927
2025-11-10,161.3714,162.7592,158.9925,161.9662,57596575
2025-11-11,160.0828,160.975,157.2083,158.9925,73054852
2025-11-12,155.7215,157.0101,153.8381,155.4241,96741580
2025-11-13,152.5495,164.5434,151.9548,160.5785,155447392
2025-11-14,155.1267,157.0101,153.1443,153.5408,101354219
2025-11-17,150.9636,156.6136,150.7653,153.5408,113907864
2025-11-18,151.8557,157.0101,151.8557,153.2434,102880519
2025-11-19,154.4329,156.5144,153.739,155.0276,71141046
2025-11-20,156.9109,158.3978,152.6487,153.4416,65486765
2025-11-21,148.6838,149.2785,145.611,146.3048,141043093
2025-11-24,146.5031,154.9285,146.5031,153.1443,199790253
2025-11-25,157.6048,159.0916,152.0539,156.4153,147102629
2025-11-26,152.6487,156.6136,152.0539,153.4416,110863259
2025-11-27,152.6487,153.5408,148.7829,149.2785,103303822
2025-11-28,150.468,151.8557,149.675,150.1706,66572166
2025-12-01,151.6574,155.5232,150.6662,153.5408,93259220
2025-12-02,158.6951,158.6951,154.9285,155.6223,74133971
2025-12-03,154.4329,155.2258,151.7566,152.2522,54076752
2025-12-04,151.7566,153.739,151.1618,153.0451,57110210
2025-12-05,151.8557,153.739,151.2609,153.6399,78815068
2025-12-08,153.6399,154.1355,151.4592,152.0539,75226835
2025-12-09,153.739,155.4241,149.0802,149.5759,69789164
2025-12-10,149.1794,152.0539,148.2873,151.8557,61369895
2025-12-11,153.6399,154.1355,149.1794,149.2785,59433982
2025-12-12,151.3601,152.7478,149.4767,152.7478,88532981
2025-12-15,149.4767,150.3688,147.1969,147.2961,94298860
2025-12-16,145.611,145.7101,140.3575,142.9347,118119058
2025-12-17,142.9347,146.0075,141.8443,144.7189,60486179
2025-12-18,141.8443,143.6285,141.6461,142.8355,47014025
2025-12-19,143.7276,145.4127,142.9347,144.025,70392591
2025-12-22,144.7189,147.1969,143.7276,145.1153,58877432
2025-12-23,145.4127,146.7013,145.1153,145.9083,47601549
2025-12-24,145.7101,146.8004,143.8268,144.7189,28967695
2025-12-29,145.8092,147.1969,142.0426,142.0426,62656820
2025-12-30,142.0426,144.4215,141.9434,143.232,60201594
2025-12-31,142.439,142.5382,141.1504,141.5469,35628222
2026-01-02,141.9434,148.3864,141.6461,147.6925,48902470
2026-01-05,149.7741,152.4504,148.6838,151.4592,102834720
2026-01-06,149.5759,151.8557,149.1794,149.4767,112004139
2026-01-07,145.8092,146.5031,142.2408,144.6197,149677478
2026-01-08,142.3399,143.6285,139.7627,141.3487,107421412
2026-01-09,146.7013,148.1881,144.6197,145.2145,115234256
2026-01-12,145.611,153.2434,144.7189,152.946,164580300
2026-01-13,160.5785,162.5609,156.0188,158.4969,153153842
2026-01-14,162.3627,168.31,160.6776,167.517,244622843
2026-01-15,167.4179,168.6074,161.6688,163.1557,133061563
2026-01-16,166.4267,167.2197,163.5521,164.7416,79370877
2026-01-19,160.5785,161.0741,158.6951,158.9925,72500898
2026-01-20,158.3978,160.7767,157.2083,158.2986,55456218
2026-01-21,156.9109,163.453,156.9109,161.7679,67441221
2026-01-22,164.5434,165.039,161.3714,163.3539,59810988
2026-01-23,169.6977,170.4907,166.8232,167.0214,93252549
2026-01-26,168.0126,168.7065,163.0565,163.7504,67819829
2026-01-27,165.3363,168.4091,163.453,168.4091,73661350
2026-01-28,169.0039,172.2749,167.1205,171.9775,102209414
2026-01-29,169.5986,172.6714,168.8056,171.7793,67539478
2026-01-30,168.5083,169.2021,165.5346,167.7153,75134065
2026-02-02,163.2548,166.4267,159.5872,161.8671,100747598
2026-02-03,163.9486,164.5434,153.8381,159.5872,111086312
2026-02-04,158.0013,160.8758,155.7215,158.1004,71689072
2026-02-05,154.1355,158.9925,152.6487,158.1995,89720504
2026-02-06,152.153,155.4241,151.8557,153.6399,78125091
2026-02-09,158.1004,158.7943,156.2171,156.5144,58582947
2026-02-10,158.2986,161.1732,157.3074,159.0916,58402811
2026-02-11,159.8846,161.2723,158.1995,158.6951,51639528
2026-02-12,156.5144,158.1004,154.7302,157.2083,56768511
2026-02-13,152.6487,155.0276,152.5495,154.0364,69945660
2026-02-16,151.2609,153.5408,149.1794,153.3425,29215118
2026-02-20,148.6838,150.3688,145.8092,145.8092,70273864
2026-02-23,148.7829,151.9548,148.1881,150.8645,44852186
2026-02-24,148.5846,149.0802,145.7101,146.7013,82838070
2026-02-25,148.4855,148.882,146.8004,146.9987,47742854
2026-02-26,146.9987,147.4943,141.7452,141.7452,98872855
2026-02-27,141.7452,144.2232,140.9522,141.6461,88719769
2026-03-02,138.375,139.2671,134.4101,135.2031,134838521
2026-03-03,137.7803,137.9785,133.4189,133.6171,88507248
2026-03-04,130.0487,131.8329,126.5794,128.7601,163124992
2026-03-05,129.3549,130.247,124.0023,125.1917,141677427
2026-03-06,125.7865,130.8417,125.39,129.5531,100859931
2026-03-09,124.1014,128.2645,124.0023,127.5707,102893047
2026-03-10,129.8505,133.0224,128.8593,132.3285,98445281
2026-03-11,134.311,134.9057,131.2382,132.0312,61695884
2026-03-12,129.454,132.3285,128.4628,130.4452,57889342
2026-03-13,130.1479,133.4189,129.2557,131.3373,51862084
2026-03-16,131.7338,133.9145,129.6522,132.8242,50025123
2026-03-17,134.0136,137.2847,133.4189,133.4189,76247583
2026-03-18,133.2206,138.9698,131.9321,136.4917,108384226
2026-03-19,131.5356,133.0224,130.0487,130.8417,112049539
2026-03-20,122.4163,125.6873,121.3259,122.6145,206068855
2026-03-23,119.74,120.533,116.6672,118.6496,136352855
2026-03-24,120.9295,122.9119,118.7488,122.1189,86973171
2026-03-25,124.1014,130.247,122.3172,127.7689,148277825
2026-03-26,126.8768,126.8768,121.5242,121.9207,87500096
2026-03-27,121.9207,123.011,120.3347,121.5242,53442572
2026-03-30,117.1628,120.3347,116.8654,119.4426,80519074
2026-03-31,119.74,121.0286,116.7663,117.9558,72026359
2026-04-01,122.2181,122.9119,120.4338,121.6233,67832865
2026-04-02,119.9382,119.9382,116.4689,117.4602,95121535
2026-04-08,120.8303,126.7777,120.2356,125.39,181819816
2026-04-09,122.0198,122.9119,120.9295,121.8216,82451818
2026-04-10,124.0023,126.3812,123.9031,124.3987,78382509
2026-04-13,123.4075,123.4075,121.4251,122.1189,51100996
2026-04-14,124.3987,125.6873,122.1189,123.4075,52390198
2026-04-15,128.3636,129.8505,127.2733,127.4716,95222677
2026-04-16,130.5443,134.9057,130.0487,134.6084,127392595
2026-04-17,133.8154,135.9961,133.4189,135.2031,83379143
2026-04-20,134.5092,137.1855,133.518,135.7978,71204282
2026-04-21,136.9873,136.9873,133.7163,135.104,44920044
2026-04-22,132.1303,132.2294,129.454,130.3461,69494718
2026-04-23,131.4364,131.5356,128.3636,129.2557,54768842
2026-04-24,126.9759,131.6347,125.5882,130.6435,63648525
2026-04-27,130.6435,132.725,128.9584,129.0575,51858735
2026-04-28,127.6698,129.454,124.8944,125.39,72924924
2026-04-29,127.6698,129.454,127.0751,129.454,59643280
2026-04-30,127.0751,127.3724,124.8944,124.8944,88190461
2026-05-04,127.6698,133.0224,127.5707,130.5443,67792478
2026-05-05,130.0487,131.5356,128.7601,130.0487,25517465
2026-05-06,131.2382,136.0952,129.7514,133.0224,115976497
2026-05-07,138.2759,139.6636,137.2847,139.6636,116084635
2026-05-08,137.6812,138.5733,136.9873,137.7803,59348966
2026-05-11,135.5996,136.3926,132.1303,132.725,98275069
2026-05-12,132.3285,134.8066,131.9321,132.1303,57483637
2026-05-13,130.8417,133.0224,129.1566,131.6347,89332520
2026-05-14,141.8443,142.7364,136.1943,136.6899,171292701
2026-05-15,136.7891,136.7891,129.9496,131.1391,90144879
2026-05-18,129.2557,133.7163,127.4715,130.5443,94625028
2026-05-19,129.3549,134.1128,129.3549,132.1303,75905647
2026-05-20,131.7338,134.311,129.8505,130.7426,64904996
2026-05-21,131.4364,131.4364,124.3987,124.8944,124833824
2026-05-22,127.0751,127.4715,124.8944,125.8856,67105437
2026-05-26,126.0838,128.1654,123.2093,126.4803,81943801
2026-05-27,126.5794,126.7777,122.5154,123.2093,73913384
2026-05-28,122.6145,122.8128,118.947,120.7312,113734767
2026-05-29,122.1189,123.2093,119.5417,119.8391,106781469
2026-06-01,120.2356,123.1102,120.1365,121.7224,64910941
2026-06-02,123.011,130.0487,122.3172,129.7514,126607691
2026-06-03,128.8593,129.1566,125.39,125.4891,90810223
2026-06-04,124.1014,124.4979,121.7224,122.4163,60737375
2026-06-05,122.4163,124.0023,120.533,121.3259,75982909
2026-06-08,117.2619,119.1453,116.7663,117.7575,84021112
2026-06-09,116.5681,118.154,116.0725,116.0725,66707175
2026-06-10,116.1,116.6,111.1,113.5,115892674
2026-06-11,112.3,112.9,106.1,107.4,160350719
2026-06-12,109,111.2,108.8,110.2,74743889
2026-06-15,113.1,113.2,108,109.3,83179704
2026-06-16,110,110.2,106.3,107,69138026
2026-06-17,108.3,108.4,105.8,106.9,71467113
2026-06-18,105.4,106,102.4,104.9,160333163
2026-06-22,102.8,103.8,100.8,102.9,99214294
2026-06-23,103.4,103.4,98.7,98.95,98049349
2026-06-24,99.15,101.5,97.65,99.4,103216499
2026-06-25,97.3,98.25,94,95,141402714
2026-06-26,92,92.5,88.65,89.5,176208269
2026-06-29,91.7,95.45,91.15,93,123324036
2026-06-30,93,93.95,91.3,92.85,89897596
2026-07-02,95.3,97.4,93.55,94.5,106165597
2026-07-03,94.15,96,93.5,94.1,67295654
2026-07-06,94.25,97.4,92.5,95.95,81423639
2026-07-07,96.15,100.5,95.3,95.8,100211364
2026-07-08,96.95,109,96.55,107.5,282125685
2026-07-09,110.1,112.9,107.5,108,190535828
2026-07-10,110,113,109,110.2,103843838
2026-07-13,110.8,115.1,110.3,110.7,100489536
2026-07-14,110.3,112.6,107,110.8,100890456
2026-07-15,111.6,114.8,109.1,113.4,112769038
2026-07-16,116.2,119.8,116,116.9,153608858
2026-07-17,116.3,118,110.7,112.6,125635830
2026-07-20,116,118.9,115.3,116.8,125351835
2026-07-21,119.9,121,115.5,117,98262426
2026-07-22,115.9,116.3,112.7,113.6,120611396
2026-07-23,114.1,115.1,110.5,114.9,52344763
2026-07-24,111.5,112.2,108.2,110,107488512
2026-07-27,111.4,111.6,108.8,111,58415973
2026-07-28,113,114.2,111,112,75913853
2026-07-29,113.9,115.5,111.7,113.6,93154775
2026-07-30,114,114.8,110.3,111.8,74326961
2026-07-31,114.1,119.3,113.3,117,144668807
2026-08-03,121,126,120.1,125.2,192268809
2026-08-04,126.8,129.2,124.7,125.8,125358922
2026-08-05,128.4,129,125.6,128.1,93382622
2026-08-06,126.5,126.5,123.7,124.4,67212277
2026-08-07,125.3,125.8,121.6,123.8,58259425
2026-08-10,125.4,127.5,124.2,126.7,53629555
2026-08-11,129.4,130.3,125.9,126.4,74286963
2026-08-12,124.4,124.9,121.3,122.6,65057854
2026-08-13,121.2,124.1,121.1,121.9,58154432
2026-08-14,120.3,120.8,118.5,119.9,56905091
2026-08-17,122,123.4,120.8,122.2,48563292
2026-08-18,122,128.3,121,126.7,120433806
2026-08-19,124.6,126.5,123.2,124.2,70727616